Question Number,Question,Answer
1,How can you contact customer service?,"Our customer service can be reached via various channels such as phone, email, live chat, or social media. Refer to the 'Contact Us' section on our website for specific details."
2,Can you modify or cancel your order/service request?,Most modifications or cancellations are allowed within a specified timeframe. Please contact our customer service directly for specific policies and procedures.
3,What is our policy for returns or exchanges?,"Our return and exchange policies vary. Typically, there is a set period for returns or exchanges. For more information, refer to our return policy or contact our customer service."
4,How can you track your order or service status?,Tracking options are usually provided through our website or via a confirmation email. Use your tracking number or log in to your account for updates.
5,How are refunds processed?,"Refunds are generally processed using the original method of payment. The timeline can vary. For detailed information, consult our refund policy or contact our customer service."
6,What payment methods are accepted?,"We accept various payment methods, including credit/debit cards and online payment platforms. For more details, refer to the payment options section on our website."
7,How can you leave feedback or file a complaint?,"Feedback or complaints can be submitted through our website, via email, or by contacting our customer service directly. We value your feedback for improving our services."
8,How do you create or access your account?,"To create or access an account, visit the login or signup section on our website. An account allows you to manage orders, services, and personal details."
9,What should you do if you forget your account password?,Use the 'Forgot Password' feature on the login page. You will need to enter your email address to receive reset instructions.
10,Are there any current promotions or discounts?,"Promotions or discounts are often available on our website, through newsletters, or on social media. Subscribe to our email updates to stay informed."
11,How can you sign up for newsletters or updates?,"Sign up for newsletters or updates via the subscription option on our website, typically found at the bottom of the home page or under a 'Subscribe' section."
12,"Is there a loyalty program, and how can you join?",Details about our loyalty programs can usually be found on our website under 'Loyalty Program' or 'Rewards.' Enrollment may be free and sometimes linked to creating a customer account.
13,What are the shipping options and times?,"Shipping options can include standard, expedited, and international shipping. Delivery times vary based on method and destination. More information is available in the shipping policy on our website."
14,How do you know if a product/service is available?,"Check product or service availability directly on our website, or contact our customer service for more details."
15,Can you request a service or product that is not listed?,Contact our customer service directly to inquire about special requests for unlisted products or services.
16,How do you apply a promo code or discount?,"Apply promo codes or discounts at checkout. Enter the code in the designated field, and the discount should be reflected in the total price. Check our instructions for more details."
17,What do you do if you have a technical issue with the website or app?,"Refer to the 'Help' or 'Support' section on our website or app, or contact our customer service for assistance."
18,How can you update your personal information or preferences?,Update your information or preferences by logging into your account on our website and navigating to the account settings or profile section.
19,What security measures are in place for online transactions?,"Security measures such as SSL encryption are commonly employed to protect online transactions. For detailed information, check our privacy policy or security statement."
20,How do you unsubscribe from emails or cancel your account?,"To unsubscribe from emails, use the unsubscribe link found at the bottom of the email. To cancel an account, log in and look for an option to deactivate or contact our customer service."
